{"cameraMode":{"drawMode":0,"name":"Shaded","section":"Shading Mode"},"sceneLighting":true,"audioPlay":false,"sceneViewState":{"showFog":true,"showMaterialUpdate":false,"showSkybox":true,"showFlares":true,"showImageEffects":true,"showParticleSystems":true},"in2DMode":false,"pivot":{"x":4.589655876159668,"y":2.948303699493408,"z":-2.026169538497925},"rotation":{"x":-0.10635300725698471,"y":0.8917220830917358,"z":-0.3405524790287018,"w":-0.2784813642501831},"size":3.2660250663757326,"orthographic":false}