{"cameraMode":{"drawMode":0,"name":"Shaded","section":"Shading Mode"},"sceneLighting":true,"audioPlay":false,"sceneViewState":{"showFog":true,"showMaterialUpdate":false,"showSkybox":true,"showFlares":true,"showImageEffects":true,"showParticleSystems":true},"in2DMode":false,"pivot":{"x":-0.34386253356933596,"y":-0.1983509063720703,"z":-3.0125975608825685},"rotation":{"x":-0.13170184195041657,"y":0.8592816591262817,"z":-0.2760189175605774,"w":-0.41000404953956606},"size":8.629494667053223,"orthographic":false}