{"cameraMode":{"drawMode":0,"name":"Shaded","section":"Shading Mode"},"sceneLighting":true,"audioPlay":false,"sceneViewState":{"showFog":true,"showMaterialUpdate":false,"showSkybox":true,"showFlares":true,"showImageEffects":true,"showParticleSystems":true},"in2DMode":false,"pivot":{"x":2.476553440093994,"y":1.4136838912963868,"z":2.006564140319824},"rotation":{"x":-0.09154216200113297,"y":0.9022118449211121,"z":-0.23692819476127625,"w":-0.34858447313308718},"size":4.766025543212891,"orthographic":false}